year,month,day,hour,party_key,given_name,last_name,middle_name,date_of_birth,date_of_death,gender,place_of_birth,country_of_residence,created_date,updated_date
2022,11,15,18,a88004bc-9d1b-4188-9d23-c19e1a918662,Pierre,Gimblett,Gorden,10/10/1986,,Male,8 Stephen Circle,Czech Republic,2022-11-05T18:21:04Z,2022-08-22T11:21:53Z
2022,11,15,18,a0e18aea-ecf6-4d54-9252-952aaa9a0d3a,Berny,Dawtrey,Alvy,09/28/1995,,Male,31 David Plaza,Canada,2022-11-02T07:22:46Z,
2022,11,15,18,e78601da-7165-4921-a7fb-c750921c4115,Cornie,Donnel,Sunshine,12/18/1983,,Female,9 Caliangt Plaza,Poland,2022-11-14T03:51:42Z,2021-12-03T11:46:39Z
2022,11,15,18,f06395a7-17bc-48a3-aa36-24bf2da34ab1,Amalee,Eaddy,Frieda,03/31/1995,,Female,632 Dawn Avenue,Nigeria,2022-11-06T04:22:02Z,2022-07-29T03:20:41Z
2022,11,15,18,ad91a675-9b7a-4744-9c19-b28e3ae2406b,Calvin,Matussevich,Sly,06/30/1992,,Male,93 Barby Circle,Indonesia,2022-11-11T09:08:19Z,
2022,11,15,18,3309abb2-6ca2-46bd-8d83-982a15e50d6d,Katerina,Erickson,Livvie,10/26/2007,,Female,48675 Old Shore Road,Russia,2022-11-12T18:41:43Z,
2022,11,15,18,2835857f-14d9-4c86-94f2-3c60a312c449,Clemmie,Wetherill,Mar,09/04/1984,11/17/2022,Male,367 Iowa Place,Brazil,2022-11-03T02:09:45Z,
2022,11,15,18,bf899b57-6b22-4def-9583-cca034bee879,Oswell,Cookney,Abbey,04/17/1993,,Agender,56 Rowland Court,Bosnia and Herzegovina,2022-11-08T03:12:18Z,
2022,11,15,18,d907942f-6870-4d4d-98f3-9fb40f947b93,Kissiah,Oddey,Korella,07/25/1981,,Female,81 Lighthouse Bay Way,Portugal,2022-11-08T12:54:29Z,
2022,11,15,18,36b59f03-dd60-4e02-994b-7d7cd3de634d,Darby,Clubbe,Charlton,10/16/2010,,Male,5249 Bayside Junction,Azerbaijan,2022-11-06T05:08:01Z,2022-04-20T04:31:42Z
2022,11,15,18,77fe16f1-8c86-4001-a578-d964d0d2361e,Jodie,Ashforth,Rora,11/02/1989,,Female,3747 Ruskin Park,Malaysia,2022-11-15T16:30:16Z,
2022,11,15,18,ea868b4d-91ae-4693-9dc4-3cf736862374,Dalis,Ranscombe,Abraham,01/21/2004,,Male,97286 Pennsylvania Drive,Nigeria,2022-11-14T17:27:37Z,
2022,11,15,18,6e99be82-b13f-4e39-8608-47f2c3393484,Rudyard,Bentson,Meier,07/18/2004,,Male,9786 Manufacturers Trail,United States,2022-11-13T04:31:29Z,
2022,11,15,18,0603086a-6dc2-44a5-bf8d-35a99ee725bc,Ripley,Biddlecombe,Felix,09/06/1986,,Male,3 Evergreen Lane,Russia,2022-11-13T22:42:56Z,
2022,11,15,18,0b803d68-3bd8-46fb-b6b3-d9809487056b,Kalie,Scarff,Virginie,08/10/1986,,Genderqueer,8 Bunker Hill Park,Russia,2022-11-07T15:24:23Z,
2022,11,15,18,e87c130b-fd8b-4f7f-89e5-f6cab3fdb3de,Lavinie,Gallamore,Allissa,02/13/1988,,Female,26264 Miller Avenue,Russia,2022-11-06T10:50:20Z,
2022,11,15,18,a1c78aa7-6033-4e92-be86-87f680dee204,Delcina,Cuss,Antonella,09/17/1984,,Female,1486 Bashford Circle,China,2022-11-11T23:25:53Z,
2022,11,15,18,d72a608d-b232-4ebd-941c-e8c1c48f5aed,Jerald,Dinsdale,Murdock,12/16/2002,,Male,0 Lindbergh Pass,China,2022-11-14T23:27:21Z,
2022,11,15,18,a29e5d25-78d1-4431-8513-4366fc78a0a9,Rubia,Rubinfajn,Liz,05/14/2006,,Female,26033 Schlimgen Hill,Thailand,2022-11-12T01:09:10Z,
2022,11,15,18,0062499b-6a3b-43ca-8f15-4aa1f65dad15,Norri,Ferrari,Fredrika,10/19/1996,,Female,69688 Ruskin Way,Ireland,2022-11-10T12:30:43Z,
2022,11,15,18,b3fc5239-c1b7-461f-a414-706116266ef2,Gavrielle,Blinerman,Murial,01/27/1983,,Female,0 Florence Pass,Czech Republic,2022-11-14T20:59:03Z,
2022,11,15,18,03f6a1ed-e332-4fa1-b980-c19dee323aa6,Jacques,Antowski,Felicio,11/07/2005,,Male,3 Cascade Center,Dominican Republic,2022-11-14T02:12:44Z,
2022,11,15,18,319aeee5-5632-48d9-a0b4-3c5feb54f6d9,Otis,Elvey,Welsh,10/26/1991,,Male,62 Fulton Park,United States,2022-11-10T02:38:18Z,
2022,11,15,18,8bb97918-4364-4bfe-9c89-f901e344e157,Emory,MacMenamin,Myrwyn,07/10/1992,,Male,87937 Mifflin Road,Thailand,2022-11-09T05:14:27Z,2022-05-07T10:56:30Z
2022,11,15,18,6f8ff3e4-6906-4d18-ac1e-a4612104a16b,Austine,O'Doohaine,Alane,09/08/1991,,Female,10622 Sauthoff Place,China,2022-11-04T16:32:31Z,2022-03-31T15:41:16Z
2022,11,15,18,75981f75-a0ac-4b1a-b8b0-1e64086fabea,Normy,Sawdy,King,08/14/1999,,Male,602 Anderson Drive,Kazakhstan,2022-11-06T13:30:38Z,
2022,11,15,18,04df8c7a-1bd2-4226-834e-2a697657271d,Adore,Gabbitas,Rosalie,09/13/1988,,Female,77198 Arkansas Place,Bulgaria,2022-11-09T19:45:24Z,2022-08-12T04:22:14Z
2022,11,15,18,6c0d4944-1663-4a81-9710-796e3f5b2a52,Ethelbert,Daniell,Ebeneser,09/27/2008,,Male,02 Fairview Center,Tanzania,2022-11-06T13:40:30Z,
2022,11,15,18,f655979f-556b-4f15-b56a-31c4be20ebf8,Paulette,Forestall,Juliet,05/20/2002,,Female,5 Delladonna Trail,Indonesia,2022-11-14T16:53:56Z,
2022,11,15,18,ceda63b4-da65-45d8-bef7-63be2c4831aa,Thedrick,Mattessen,Abie,08/18/1997,,Male,7266 Hoepker Way,Sweden,2022-11-13T14:05:23Z,
2022,11,15,18,bbfe7078-878a-47ac-8bf1-3d8268230dc1,Ferrell,Bunker,Cello,11/10/1999,,Male,47 Old Shore Point,United States,2022-11-04T02:49:54Z,
2022,11,15,18,1e61aee5-f5d9-42b1-ac11-4f7c34c9d575,Sallyanne,Helstrom,Ripley,01/15/1984,,Genderqueer,16979 Annamark Place,Armenia,2022-11-08T20:03:00Z,2022-09-10T06:00:41Z
2022,11,15,18,f3a9214c-ebcd-4845-8fef-780a84875a25,Lazarus,Bole,Carl,05/06/2001,,Genderqueer,70946 Loftsgordon Place,Philippines,2022-11-15T16:31:14Z,
2022,11,15,18,aa3e8593-19e4-4de8-a616-0068df4e9ca9,Laurice,Kalb,Denna,01/02/2010,,Female,5 Rowland Plaza,Philippines,2022-11-07T01:58:41Z,
2022,11,15,18,2047bf57-9abc-4fcd-af0e-b58dfda3750f,Nina,Sylvaine,Petra,11/25/1988,,Female,82981 Shelley Pass,Latvia,2022-11-12T06:46:29Z,2022-08-24T14:20:24Z
2022,11,15,18,a71a9520-67ef-4698-b853-95261b51a0ff,Burke,Werndley,Shaine,09/06/1987,,Male,959 Bellgrove Court,Macedonia,2022-11-13T01:07:56Z,
2022,11,15,18,72bf5ddd-05a6-48eb-acef-f7f68834dcb8,Foster,Gaskin,Blanche,01/10/2001,,Genderqueer,747 Cody Plaza,China,2022-11-03T06:22:13Z,
2022,11,15,18,3166f65d-7d9b-42b6-a78d-1e2bb69960a8,Corey,Boss,Dorice,11/15/1995,,Bigender,947 Vernon Plaza,China,2022-11-01T22:23:23Z,2022-02-09T07:25:26Z
2022,11,15,18,6cc9b85a-f1fe-4110-bcbc-df839158502c,Madison,Guerri,Claudius,05/13/1996,,Male,424 Evergreen Crossing,Chile,2022-11-04T09:55:01Z,2022-05-01T12:28:09Z
2022,11,15,18,c9ba8fb2-7f5d-4928-97c9-3e64faa158b3,Marge,Greengrass,Emmalynn,06/07/1986,,Female,879 Scott Terrace,Czech Republic,2022-11-10T15:05:39Z,
2022,11,15,18,73b0561c-1435-43d6-a897-660145df919d,Maria,MacGrath,Gerti,05/22/2009,,Female,28 Holmberg Parkway,Czech Republic,2022-11-04T06:44:09Z,2022-04-19T00:25:41Z
2022,11,15,18,5af53833-adfa-4192-a6cf-e0aa14035bd7,Lynea,Handscombe,Mable,10/14/1996,,Female,3 Service Plaza,Vietnam,2022-11-12T13:49:26Z,
2022,11,15,18,1d354a7c-4f6d-4e12-a9aa-b87b4ff7ea9a,Wilbert,MacAllester,Georas,02/20/1990,,Male,01031 Schmedeman Lane,Saint Kitts and Nevis,2022-11-04T06:42:02Z,
2022,11,15,18,4f9917c1-8333-462f-8961-87e90a4d2a83,Nathanil,Asmus,Hilton,01/07/1994,,Male,25 Holmberg Road,Afghanistan,2022-11-06T23:19:39Z,
2022,11,15,18,ca4c72ab-8343-4d7f-ac91-303ef8af0e3b,Auberon,De Mattia,Yvon,12/14/1984,,Male,4484 Southridge Way,Lesotho,2022-11-05T16:12:20Z,
2022,11,15,18,bcec0678-bbf5-4182-823c-aff9498d65cc,Odella,Thornewill,Priscella,10/05/1997,,Female,6 Waywood Point,Poland,2022-11-12T20:07:03Z,
2022,11,15,18,ce6e399d-ef9f-44e6-87f3-aaa279fa35a7,Erik,Theobalds,Jesse,08/08/2001,,Male,6 Anderson Avenue,Cyprus,2022-11-09T12:35:21Z,
2022,11,15,18,4dc9d144-e999-430e-9394-9af370f93e0c,Brenden,Lucock,Kerr,10/20/1982,,Male,035 Stang Road,Russia,2022-11-12T04:20:08Z,
2022,11,15,18,3ee53daf-c7a1-4fa3-b11f-7021db5779d4,Thaxter,Meece,Armstrong,05/11/2009,,Male,75 Meadow Vale Drive,Ukraine,2022-11-04T04:38:54Z,
2022,11,15,18,1fee0373-b47a-46eb-aea5-51dc1bc3b1c1,Aura,Joire,Stormi,05/08/1987,,Female,20810 Knutson Circle,China,2022-11-14T20:52:45Z,2022-10-16T10:43:24Z
2022,11,15,18,f8c875ea-3473-499d-9410-c36991375561,Sonia,Pack,Eimile,05/05/1988,,Female,0 Merchant Crossing,Mongolia,2022-11-16T02:22:21Z,2022-04-12T03:07:14Z
2022,11,15,18,da12d0a7-34c0-4870-93da-b2168aacbf26,Sherwood,Twidle,Esdras,11/18/2005,,Male,30 Jay Trail,China,2022-11-02T21:52:17Z,
2022,11,15,18,abf6273b-381c-431b-9c5c-ef4bddcf8838,Liuka,Childs,Aila,08/07/1987,,Bigender,27701 Claremont Park,Russia,2022-11-09T01:24:16Z,
2022,11,15,18,48b4a22b-5bdf-4e24-a96a-321f55014c0b,Theobald,Recher,Wallie,05/21/1986,,Male,8 North Drive,Indonesia,2022-11-12T10:02:21Z,2021-11-25T00:23:08Z
2022,11,15,18,3a10b8d8-b394-4437-bea4-71a4c56246e5,Gweneth,Tolussi,Breena,07/29/1983,,Female,3 Blue Bill Park Parkway,Argentina,2022-11-05T09:41:54Z,
2022,11,15,18,b4a096b7-25ca-42bc-b7e3-0320910b6e39,Franny,Lear,Coop,10/23/1994,,Polygender,2847 Corben Road,Mongolia,2022-11-14T03:12:06Z,
2022,11,15,18,00661134-f2e5-4f27-8a8b-3406a222d43a,Cobby,Berkeley,Gothart,09/22/2002,,Male,64867 American Drive,Ukraine,2022-11-10T20:13:12Z,2022-05-30T12:43:22Z
2022,11,15,18,a71d3dd4-3c69-49b2-ab4d-11314426381e,Eddy,Varah,Drake,07/19/2009,,Male,22890 Del Mar Hill,Russia,2022-11-12T01:26:57Z,
2022,11,15,18,8ed1b60c-a2ff-4353-9b2b-969480d9fd25,Georgi,Mosdall,Jeni,06/11/2009,,Non-binary,5144 Talisman Street,Tunisia,2022-11-16T09:02:14Z,
2022,11,15,18,c4f860b2-70b7-45fe-b784-6f2aec25616b,Deidre,Hastler,Kennan,02/16/1999,,Agender,451 Leroy Road,China,2022-11-05T06:12:49Z,2022-10-18T10:23:47Z
2022,11,15,18,40abc339-8936-4546-8b67-2871f8533ce5,Terrijo,Philipsson,Tanhya,06/23/2008,,Female,1549 Grover Court,China,2022-11-08T20:18:16Z,
2022,11,15,18,fde300f3-a03e-4c92-9c67-e1bdff073dbe,Felipa,Vynall,Teena,09/22/1985,,Female,89 Express Junction,United Kingdom,2022-11-04T16:45:48Z,2022-04-14T08:21:05Z
2022,11,15,18,1de378a3-b421-466b-81c8-25dbee10a1f2,Forster,Annies,Sunny,04/17/1992,,Male,3635 Memorial Crossing,Indonesia,2022-11-16T03:47:03Z,
2022,11,15,18,240475fd-34e7-40e5-b30f-42c0026c63dd,Ansel,Einchcombe,Orton,11/10/1984,,Male,36275 South Center,Japan,2022-11-16T00:02:14Z,
2022,11,15,18,f644c897-df29-4a78-a043-3a3edbf048ea,Waylan,Tommen,Lemuel,12/28/1988,,Male,3748 Prairieview Road,China,2022-11-03T18:03:24Z,2022-04-17T21:15:19Z
2022,11,15,18,0fd6253e-a515-4011-82b8-bf15d4c3e46e,Devlin,Gladbeck,Tiebout,08/31/1997,,Male,68503 Meadow Ridge Center,Maldives,2022-11-14T05:05:33Z,
2022,11,15,18,ae2a0c9f-af16-4ecb-bd55-66c27ebe4512,Marcello,Nund,Piotr,03/15/2007,,Genderqueer,05 Farragut Drive,Croatia,2022-11-07T18:24:15Z,
2022,11,15,18,73cd11bb-9e37-4c10-b6ec-8630fcb9bf6d,Willetta,Boxall,Louise,10/09/2000,,Female,722 Pawling Hill,Western Sahara,2022-11-12T00:05:51Z,
2022,11,15,18,7904443d-e2df-4461-8f76-f4d441120ed0,Magdaia,Hellsdon,Suzanna,05/31/2003,,Female,65 Gerald Hill,Czech Republic,2022-11-03T14:12:15Z,2022-10-11T13:20:35Z
2022,11,15,18,5b3eab36-c1dd-4921-a47c-c0a4b2643256,Burk,Danielsohn,Horst,11/08/2010,,Male,59 Menomonie Street,Pakistan,2022-11-06T00:40:47Z,2022-05-08T18:26:02Z
2022,11,15,18,3d12fd52-ff24-4c34-8caa-1852a2fb53ef,Bobinette,Luck,Nina,02/06/1997,11/17/2022,Female,48712 Rieder Alley,Russia,2022-11-14T19:59:46Z,
2022,11,15,18,86830ebe-6600-4772-a40a-2d14144d72ba,Carson,Layburn,Pavlov,05/04/2007,,Male,0114 Dwight Road,Sudan,2022-11-13T11:27:57Z,
2022,11,15,18,9c586ace-bea4-44a0-922d-daa311cf255b,Elspeth,Knapper,Jacki,09/19/1990,,Female,147 Prentice Street,France,2022-11-07T01:05:04Z,
2022,11,15,18,c34ddba0-57e4-4742-97cc-0886f3dc1685,Yurik,Gronou,Stefano,07/02/1998,,Male,7 Pond Alley,Poland,2022-11-06T11:22:47Z,
2022,11,15,18,ebba0729-90ba-47e3-9171-84524f46f246,Candi,Kollatsch,Collette,04/09/1995,,Female,4868 Lighthouse Bay Terrace,Yemen,2022-11-02T09:01:34Z,
2022,11,15,18,f2573ffc-e171-4e83-9351-ca7ceb984aa5,Carmine,Heggs,Jenica,03/25/1992,,Female,34670 Blackbird Terrace,China,2022-11-16T21:50:19Z,
2022,11,15,18,782cc939-42bd-4e95-8fd4-fe9795ef7009,Sibel,Baughen,Wanda,12/09/1985,,Female,85 Oak Valley Point,Indonesia,2022-11-12T05:31:29Z,2022-02-05T07:26:32Z
2022,11,15,18,c7f0646d-95c9-461e-be55-69c22ea0cdf4,Meggy,Acott,Lesly,08/17/1993,11/17/2022,Female,95 Lake View Road,Ukraine,2022-11-07T20:15:01Z,
2022,11,15,18,1b5d78d0-cd50-4072-bed2-b386d06dc026,Tallia,Peidro,Junina,03/06/1998,,Female,8211 Florence Point,Poland,2022-11-10T19:44:23Z,
2022,11,15,18,62137b98-ad7a-44b8-825f-d5dc82a814d7,Vanna,Haily,Marigold,05/02/1998,,Female,00 Kipling Lane,El Salvador,2022-11-11T03:52:54Z,
2022,11,15,18,6597501e-9292-48af-99c8-c9b3939600bd,Florella,Ewles,Gwenette,07/22/2003,,Female,80 Village Alley,Indonesia,2022-11-06T20:31:20Z,2022-03-24T16:19:04Z
2022,11,15,18,b8a3cf3f-4bd8-4981-9a33-86879be17303,Veronica,Espinet,Rosanne,07/14/1983,,Female,14040 Bartelt Hill,Iran,2022-11-02T08:57:34Z,2022-06-21T23:49:22Z
2022,11,15,18,49f432e7-d9b5-4dcc-af6e-9388d8cd7309,Buck,Scrancher,Mord,04/08/1988,,Male,8 Westend Circle,Poland,2022-11-16T17:09:46Z,
2022,11,15,18,9eb46e2a-cabe-46d7-a323-4d59bcbcb746,Quentin,Beggi,Lonnie,02/02/1983,,Male,551 Morning Crossing,Paraguay,2022-11-12T02:44:23Z,2022-04-21T13:08:30Z
2022,11,15,18,a090bcc4-11f6-4e21-8d29-c5c997cd7373,Paco,Hallibone,Marve,10/18/2002,,Male,1919 Elgar Alley,Syria,2022-11-01T22:34:59Z,
2022,11,15,18,1cd33f66-319a-427d-b447-df4cd5ca026f,Rhonda,Marzele,Nessie,03/24/1996,,Female,0545 Thackeray Road,Thailand,2022-11-05T15:06:54Z,
2022,11,15,18,3637f3b2-880c-4c4e-9bea-6683c85790eb,Correy,Durek,Osbert,03/14/1988,,Male,634 Jackson Drive,China,2022-11-06T04:56:40Z,
2022,11,15,18,d969b7a1-0571-49b5-93a4-93da680eb664,Foster,Doghartie,Douglass,01/29/1982,,Male,9567 Dryden Lane,Indonesia,2022-11-11T07:57:21Z,
2022,11,15,18,e14613cd-cab2-4d47-a14b-f64e4c98f2bf,Timothea,Barti,Althea,11/16/1982,,Female,1 Valley Edge Circle,New Zealand,2022-11-15T20:17:53Z,
2022,11,15,18,ca6c4ca1-bd7d-44bc-96f2-394aa9598b83,Tilly,Payley,Elsy,08/02/2006,,Female,312 5th Point,Philippines,2022-11-14T01:59:58Z,2021-12-02T12:12:58Z
2022,11,15,18,1d32850b-74d5-44b3-bb85-e725b450c758,Gnni,Westcarr,Leonid,12/13/1995,,Genderqueer,8785 Riverside Way,Sri Lanka,2022-11-08T20:36:06Z,
2022,11,15,18,5f18a88d-e96b-4c3c-86b1-32708a3db550,Homer,Hofner,Marlon,12/24/1991,11/17/2022,Male,1 Granby Alley,Norway,2022-11-06T07:51:41Z,
2022,11,15,18,ee0217c6-d339-4a97-b9d9-b38057e33b77,Beatrisa,Filipiak,Ofilia,04/12/1985,11/17/2022,Female,35114 Chive Center,Sweden,2022-11-11T23:54:32Z,
2022,11,15,18,adc55f35-a3bf-4e93-a8c2-04930237a729,Sutherlan,Jery,Shurlocke,10/03/1982,,Male,48685 Blaine Center,Philippines,2022-11-05T22:13:16Z,
2022,11,15,18,0c990149-2b58-4742-868b-9e91f6b4f380,Kay,Marchment,Alameda,10/24/1999,,Female,70906 Stang Lane,Russia,2022-11-01T11:32:09Z,
2022,11,15,18,8b29234b-471c-41fd-bc15-8885250b6acf,Felita,Lighterness,Adelind,02/03/2002,,Female,5766 Ruskin Hill,Spain,2022-11-10T11:38:17Z,
2022,11,15,18,4e6ad4e0-82a4-4ce0-8387-1e2b2ed8e031,Linnell,Bogart,Becky,07/14/1998,,Female,7 Hintze Road,Indonesia,2022-11-02T20:23:57Z,
2022,11,15,18,027617fb-c496-4eb4-8471-5a36a3e01239,Jewel,Edmand,Alix,07/15/2005,,Female,199 Montana Park,Brazil,2022-11-14T18:21:11Z,2022-06-17T14:13:21Z
2022,11,15,18,bc5ba239-d4b7-4092-a1c6-4431c9dacfb9,Valentine,Dripps,Shantee,03/21/1989,,Female,2 5th Point,Canada,2022-11-14T09:35:13Z,
